<?xml version="1.0" encoding="UTF-8"?>

<!--
Default logback configuration provided for import
-->

<included>
	<conversionRule conversionWord="applicationName" class="org.springframework.boot.logging.logback.ApplicationNameConverter"/>
	<conversionRule conversionWord="clr" class="org.springframework.boot.logging.logback.ColorConverter"/>
	<conversionRule conversionWord="correlationId" class="org.springframework.boot.logging.logback.CorrelationIdConverter"/>
	<conversionRule conversionWord="esb" class="org.springframework.boot.logging.logback.EnclosedInSquareBracketsConverter" />
	<conversionRule conversionWord="wex" class="org.springframework.boot.logging.logback.WhitespaceThrowableProxyConverter" />
	<conversionRule conversionWord="wEx" class="org.springframework.boot.logging.logback.ExtendedWhitespaceThrowableProxyConverter" />

	<property name="CONSOLE_LOG_PATTERN" value="${CONSOLE_LOG_PATTERN:-%clr(%d{${LOG_DATEFORMAT_PATTERN:-yyyy-MM-dd'T'HH:mm:ss.SSSXXX}}){faint} %clr(${LOG_LEVEL_PATTERN:-%5p}){} %clr(${PID:-}){magenta} %clr(--- %esb(){APPLICATION_NAME}%esb{APPLICATION_GROUP}[%15.15t] ${LOG_CORRELATION_PATTERN:-}){faint}%clr(%-40.40logger{39}){cyan} %clr(:){faint} %m%n${LOG_EXCEPTION_CONVERSION_WORD:-%wEx}}"/>
	<property name="CONSOLE_LOG_CHARSET" value="${CONSOLE_LOG_CHARSET:-${file.encoding:-UTF-8}}"/>
	<property name="CONSOLE_LOG_THRESHOLD" value="${CONSOLE_LOG_THRESHOLD:-TRACE}"/>
	<property name="CONSOLE_LOG_STRUCTURED_FORMAT" value="${CONSOLE_LOG_STRUCTURED_FORMAT:-}"/>
	<property name="FILE_LOG_PATTERN" value="${FILE_LOG_PATTERN:-%d{${LOG_DATEFORMAT_PATTERN:-yyyy-MM-dd'T'HH:mm:ss.SSSXXX}} ${LOG_LEVEL_PATTERN:-%5p} ${PID:-} --- %esb(){APPLICATION_NAME}%esb{APPLICATION_GROUP}[%t] ${LOG_CORRELATION_PATTERN:-}%-40.40logger{39} : %m%n${LOG_EXCEPTION_CONVERSION_WORD:-%wEx}}"/>
	<property name="FILE_LOG_CHARSET" value="${FILE_LOG_CHARSET:-${file.encoding:-UTF-8}}"/>
	<property name="FILE_LOG_THRESHOLD" value="${FILE_LOG_THRESHOLD:-TRACE}"/>
	<property name="FILE_LOG_STRUCTURED_FORMAT" value="${FILE_LOG_STRUCTURED_FORMAT:-}"/>

	<logger name="org.apache.catalina.startup.DigesterFactory" level="ERROR"/>
	<logger name="org.apache.catalina.util.LifecycleBase" level="ERROR"/>
	<logger name="org.apache.coyote.http11.Http11NioProtocol" level="WARN"/>
	<logger name="org.apache.sshd.common.util.SecurityUtils" level="WARN"/>
	<logger name="org.apache.tomcat.util.net.NioSelectorPool" level="WARN"/>
	<logger name="org.eclipse.jetty.util.component.AbstractLifeCycle" level="ERROR"/>
	<logger name="org.hibernate.validator.internal.util.Version" level="WARN"/>
	<logger name="org.springframework.boot.actuate.endpoint.jmx" level="WARN"/>
</included>
