<?xml version="1.0" encoding="UTF-8"?>

<!--
File appender with structured logging logback configuration provided for import,
equivalent to the programmatic initialization performed by Boot
-->

<included>
	<appender name="FILE" class="ch.qos.logback.core.rolling.RollingFileAppender">
		<filter class="ch.qos.logback.classic.filter.ThresholdFilter">
			<level>${FILE_LOG_THRESHOLD}</level>
		</filter>
		<encoder class="org.springframework.boot.logging.logback.StructuredLogEncoder">
			<format>${FILE_LOG_STRUCTURED_FORMAT}</format>
			<charset>${FILE_LOG_CHARSET}</charset>
		</encoder>
		<file>${LOG_FILE}</file>
		<rollingPolicy class="ch.qos.logback.core.rolling.SizeAndTimeBasedRollingPolicy">
			<fileNamePattern>${LOGBACK_ROLLINGPOLICY_FILE_NAME_PATTERN:-${LOG_FILE}.%d{yyyy-MM-dd}.%i.gz}</fileNamePattern>
			<cleanHistoryOnStart>${LOGBACK_ROLLINGPOLICY_CLEAN_HISTORY_ON_START:-false}</cleanHistoryOnStart>
			<maxFileSize>${LOGBACK_ROLLINGPOLICY_MAX_FILE_SIZE:-10MB}</maxFileSize>
			<totalSizeCap>${LOGBACK_ROLLINGPOLICY_TOTAL_SIZE_CAP:-0}</totalSizeCap>
			<maxHistory>${LOGBACK_ROLLINGPOLICY_MAX_HISTORY:-7}</maxHistory>
		</rollingPolicy>
	</appender>
</included>
