<?xml version="1.0" encoding="UTF-8"?>

<!--
Console appender with structured logging logback configuration provided for import,
equivalent to the programmatic initialization performed by Boot
-->

<included>
	<appender name="CONSOLE" class="ch.qos.logback.core.ConsoleAppender">
		<filter class="ch.qos.logback.classic.filter.ThresholdFilter">
			<level>${CONSOLE_LOG_THRESHOLD}</level>
		</filter>
		<encoder class="org.springframework.boot.logging.logback.StructuredLogEncoder">
			<format>${CONSOLE_LOG_STRUCTURED_FORMAT}</format>
			<charset>${CONSOLE_LOG_CHARSET}</charset>
		</encoder>
	</appender>
</included>
