<?xml version="1.0" encoding="UTF-8"?>
<Configuration status="WARN">
	<Properties>
		<Property name="LOG_EXCEPTION_CONVERSION_WORD">%xwEx</Property>
		<Property name="LOG_LEVEL_PATTERN">%5p</Property>
		<Property name="LOG_DATEFORMAT_PATTERN">yyyy-MM-dd'T'HH:mm:ss.SSSXXX</Property>
		<Property name="CONSOLE_LOG_PATTERN">%clr{%d{${sys:LOG_DATEFORMAT_PATTERN}}}{faint} %clr{${sys:LOG_LEVEL_PATTERN}} %clr{%pid}{magenta} %clr{--- %esb{${sys:APPLICATION_NAME:-}}%esb{${sys:APPLICATION_GROUP:-}}[%15.15t] ${sys:LOG_CORRELATION_PATTERN:-}}{faint}%clr{%-40.40c{1.}}{cyan} %clr{:}{faint} %m%n${sys:LOG_EXCEPTION_CONVERSION_WORD}</Property>
		<Property name="FILE_LOG_PATTERN">%d{${sys:LOG_DATEFORMAT_PATTERN}} ${sys:LOG_LEVEL_PATTERN} %pid --- %esb{${sys:APPLICATION_NAME:-}}%esb{${sys:APPLICATION_GROUP:-}}[%t] ${sys:LOG_CORRELATION_PATTERN:-}%-40.40c{1.} : %m%n${sys:LOG_EXCEPTION_CONVERSION_WORD}</Property>
	</Properties>
	<Appenders>
		<Console name="Console" target="SYSTEM_OUT" follow="true">
			<Select>
				<SystemPropertyArbiter propertyName="CONSOLE_LOG_STRUCTURED_FORMAT">
					<StructuredLogLayout format="${sys:CONSOLE_LOG_STRUCTURED_FORMAT}" charset="${sys:CONSOLE_LOG_CHARSET}"/>
				</SystemPropertyArbiter>
				<DefaultArbiter>
					<PatternLayout pattern="${sys:CONSOLE_LOG_PATTERN}" charset="${sys:CONSOLE_LOG_CHARSET}"/>
				</DefaultArbiter>
			</Select>
			<Filters>
				<ThresholdFilter level="${sys:CONSOLE_LOG_THRESHOLD:-TRACE}"/>
			</Filters>
		</Console>
		<RollingFile name="File" fileName="${sys:LOG_FILE}" filePattern="${sys:LOG_PATH}/$${date:yyyy-MM}/app-%d{yyyy-MM-dd-HH}-%i.log.gz">
			<Select>
				<SystemPropertyArbiter propertyName="FILE_LOG_STRUCTURED_FORMAT">
					<StructuredLogLayout format="${sys:FILE_LOG_STRUCTURED_FORMAT}" charset="${sys:FILE_LOG_CHARSET}"/>
				</SystemPropertyArbiter>
				<DefaultArbiter>
					<PatternLayout pattern="${sys:FILE_LOG_PATTERN}" charset="${sys:FILE_LOG_CHARSET}"/>
				</DefaultArbiter>
			</Select>
			<Filters>
				<ThresholdFilter level="${sys:FILE_LOG_THRESHOLD:-TRACE}"/>
			</Filters>
			<Policies>
				<SizeBasedTriggeringPolicy size="10 MB"/>
			</Policies>
		</RollingFile>
	</Appenders>
	<Loggers>
		<Logger name="org.apache.catalina.startup.DigesterFactory" level="ERROR"/>
		<Logger name="org.apache.catalina.util.LifecycleBase" level="ERROR"/>
		<Logger name="org.apache.coyote.http11.Http11NioProtocol" level="WARN"/>
		<Logger name="org.apache.sshd.common.util.SecurityUtils" level="WARN"/>
		<Logger name="org.apache.tomcat.util.net.NioSelectorPool" level="WARN"/>
		<Logger name="org.eclipse.jetty.util.component.AbstractLifeCycle" level="ERROR"/>
		<Logger name="org.hibernate.validator.internal.util.Version" level="WARN"/>
		<Logger name="org.springframework.boot.actuate.endpoint.jmx" level="WARN"/>
		<Root level="INFO">
			<AppenderRef ref="Console"/>
			<AppenderRef ref="File"/>
		</Root>
	</Loggers>
</Configuration>
